id,sbpr_no,ftir_no,ftir_report_date,reply_date,status,fc_ok,product_model_code,sales_model_code,segmentation,vin,engine_no,transmission_no,date_registered,date_of_incident,using_time_km,reported_company,issued_company,outbreak_country,manufacturer_factory,subject,c_measure,customer_complaint,trouble_code_complaint,trouble_code_defect,checked_contents,checked_results,repair_status,repair_contents,problem_solved,action_judgement,causal_parts_no,causal_parts_name,supplier_of_causal_parts,production_base,parts_availability,file_name,quality,rank,reported_country,days_used,fpcr_no,sales_dealer,service_dealer,spec_on_destination,collection_request_date,parts_retrieved_date,person_of_action_judgement,dept_of_action_judgement,judgement_date,reason_not_sbpr,approval_judgement_date,row_hash,using_km_int,report_year,report_month,is_resolved,has_sbpr,summary,root_cause,created_at
1,SBPR-228929,FTIR-2022-000001,2022-07-26,2022-08-23,Closed,NG,T33E,XTRAIL-SUV-MR20-CVT-N-CONNECTA,Mid SUV,MDHT3360L5LF41316,KR15T-705397,CVT-838797,2017-08-12,2022-07-17,30589,Nissan Motor India Pvt Ltd,RNAIPL,India,Oragadam Plant,CVT judder at low speed - XTRAIL,Replace part under warranty,Vehicle jerks at 20-30 km/h under light throttle.,,P0746,CVT fluid condition check; line pressure test; software version check.,CVT fluid degraded; belt slip detected.,Pending,Awaiting parts / appointment.,Partially,Escalate to SBPR,31020-4D97C,CVT Control Valve Assy,Jatco India,India - Chennai,In transit,FTIR-2022-000001.pdf,High,B,India,1800,FPCR-23-0360,Prime Nissan Pune,Prime Nissan Pune,INDIA,2022-08-07,,Vikram Singh,MQ-Transmission,2022-09-16,,2022-09-24,c54f907f23afd83293aecd63597f80a1,30589,2022,7,0,1,"XTRAIL (Mid SUV) reported in India: cvt judder at low speed at about 30,589 km / 1800 days in service. Checks found: CVT fluid degraded; belt slip detected; action: awaiting parts / appointment.",Control logic calibration issue combined with fluid degradation,2026-10-07 15:11:46
2,SBPR-217518,FTIR-2021-000002,2021-05-12,2021-05-23,Closed,OK,P32B,KICKR-X-SUV-HR13T-CVT-ACENTA,Compact SUV,MDHP32GW99LD70482,HR13T-905934,CVT-216970,2020-11-03,2021-04-19,"10,894 km",Nissan Motor India Pvt Ltd,NMIPL Quality,India,Chennai Plant,CVT judder at low speed - KICKR-X,Part collection requested,Vehicle jerks at 20-30 km/h under light throttle.,P17F0,P17F0,CVT fluid condition check; line pressure test; software version check.,Primary pulley pressure sensor out of range.,Pending,Awaiting parts / appointment.,Partially,Escalate to SBPR,,CVT Control Valve Assy,Jatco India,India - Chennai,Available,FTIR-2021-000002.pdf,High,B,India,167,FPCR-22-0277,Ashok Nissan Bengaluru,Ashok Nissan Bengaluru,INDIA,2021-05-18,2021-06-19,Amit Desai,MQ-Transmission,2021-06-12,,2021-06-20,688a1998f979ba65e04c61694b2467f6,10894,2021,5,0,1,"KICKR-X (Compact SUV) reported in India: cvt judder at low speed at about 10,894 km / 167 days in service. Checks found: Primary pulley pressure sensor out of range; action: awaiting parts / appointment.",Control logic calibration issue combined with fluid degradation,2026-10-07 15:11:46
3,,FTIR-2026-000003,2026-06-14,2026-07-31,Closed - No SBPR,NG,P32B,KICKR-X-SUV-HR13T-MT5-VISIA,Compact SUV,JN1P32DGD6TF16566,HR13T-354801,CVT-946721,2026-05-08,2026-06-07,"2,803 km",Nissan Saudi Arabia,RNAIPL,Saudi Arabia,Tochigi Plant,Engine oil leak - KICKR-X,Software update,Smell of burning oil after long drive.,-,,Visual inspection with UV dye; torque check of oil pan bolts; crankcase pressure test.,Rear main seal weeping.,Pending,Awaiting parts / appointment.,Partially,Supplier feedback,13270-4D08C,Rocker Cover Gasket,Sundaram Fasteners,South Korea,Available,FTIR-2026-000003.pdf,High,B,Saudi Arabia,30,,ALJ Dammam,ALJ Dammam,GULF,2026-07-03,2026-07-12,Rajesh Kumar,MQ-Engine,2026-08-03,Isolated case; no recurrence in market.,2026-08-04,d604f2a26318ceff365a2f48a3ae8fae,2803,2026,6,0,0,"KICKR-X (Compact SUV) reported in Saudi Arabia: engine oil leak at about 2,803 km / 30 days in service. Checks found: Rear main seal weeping; action: awaiting parts / appointment.",Gasket compression set and sealant bead discontinuity,2026-10-07 15:11:46
4,,FTIR-2021-000004,2021-03-02,2021-03-20,Closed,NG,P32A,KICKR-SUV-HR10-CVT-XV-PREMIUM,Compact SUV,AAVP322JW7LF54353,HR10-707040,,2020-12-19,2021-02-22,"2,007 km",Nissan South Africa Pty,Nissan Motor Co. Ltd (NML),South Africa,Rosslyn Plant,MIL ON - misfire detected - KICKR,Replace part under warranty,Hesitation during acceleration with flashing MIL.,P0304,P0304,Ignition coil swap test; spark plug inspection; compression test.,Spark plug electrode wear beyond limit.,Customer declined,Customer declined repair.,No,Close - Repaired at dealer,22448-5K94E,Ignition Coil Assy,Valeo Auto India,Thailand,Available,FTIR-2021-000004.pdf,High,B,South Africa,65,,Durban Nissan Umhlanga,Durban Nissan Umhlanga,SA,2021-03-21,2021-04-28,Rajesh Kumar,MQ-Engine,2021-04-17,,2021-04-20,ee9e0286806e87a768cca7e5074ba913,2007,2021,3,0,0,"KICKR (Compact SUV) reported in South Africa: mil on - misfire detected at about 2,007 km / 65 days in service. Checks found: Spark plug electrode wear beyond limit; action: customer declined repair.",Insulation degradation in coil winding,2026-10-07 15:11:46
5,,FTIR-2022-000005,2022-10-09,,Pending Reply,,D23C,MAGNO-HB-B4K-MT5-VISIA,Hatchback,MDHD23K4J0LE12805,B4K-269430,AMT-678478,2018-11-27,2022-09-08,66147,Nissan Motor India Pvt Ltd,Nissan Technical Centre India,India,Chennai Plant,Battery drain / no start - MAGNO,Replace part under warranty,Battery discharged repeatedly within 2-3 days.,,,Parasitic current measurement; battery load test; alternator output check.,Investigation in progress; dealer awaiting parts analysis.,Pending,Awaiting parts / appointment.,,,24410-6D91C,Battery 12V 45Ah,Bosch Chennai,India - Gurugram,Available,FTIR-2022-000005.pdf,Low,A,India,1381,,Landmark Nissan Gurugram,Kothari Nissan Mumbai,INDIA,2022-10-18,,,,,,,515a79762d03c700ab93d3574b1c5f8d,66147,2022,10,0,0,"MAGNO (Hatchback) reported in India: battery drain / no start at about 66,147 km / 1381 days in service. Investigation is still in progress and awaiting part analysis.",,2026-10-07 15:11:46
6,,FTIR-2022-000006,2022-10-28,2022-12-19,Closed - No SBPR,OK,H61D,SLYPH-SDN-MR20-MT6-TEKNA+,C-Segment Sedan,MDHH61NTC6MA69816,MR20-140115,CVT-725550,2021-10-12,2022-10-14,24.2k km,Nissan Motor India Pvt Ltd,RNAIPL,Bangladesh,Chennai Plant,CVT judder at low speed - SLYPH,Software update,Shuddering felt when pulling away from standstill.,P0841,P0841,CVT fluid condition check; line pressure test; software version check.,Software older than release; updated.,Repaired,Updated CVT control software and replaced fluid.,Partially,Dealer training,31020-4D03B,CVT Control Valve Assy,Exedy India,Thailand,In transit,FTIR-2022-000006.pdf,High,B,Bangladesh,367,,Navana Dhaka,Navana Dhaka,SAARC,2022-10-31,,Amit Desai,MQ-Transmission,2023-01-10,Dealer repair resolved; not systematic.,2023-01-24,19c6691dc313866ab800bcf76e48c34d,24170,2022,10,0,0,"SLYPH (C-Segment Sedan) reported in Bangladesh: cvt judder at low speed at about 24,170 km / 367 days in service. Checks found: Software older than release; updated; action: updated cvt control software and replaced fluid.",Control logic calibration issue combined with fluid degradation,2026-10-07 15:11:46
7,SBPR-244931,FTIR-2024-000007,2024-05-15,2024-06-11,Closed - SBPR Raised,OK,T33E,XTRAIL-SUV-KR15T-CVT-XL,Mid SUV,JN1T334RM8PH76320,KR15T-740967,CVT-577538,2023-12-17,2024-04-10,"4,677 km",Nissan Middle East FZE,Nissan Technical Centre India,Kuwait,Tochigi Plant,AC blower noise - XTRAIL,Software update,Blower makes whirring noise at high speed.,-,,Blower motor current; impeller inspection; duct foreign object check.,Foreign object in blower scroll.,Repaired,Replaced blower motor.,Yes,Escalate to SBPR,27200-6H94B,Blower Motor Assy,Sanden Vikas,Japan,Back-order,FTIR-2024-000007.pdf,Medium,A,Kuwait,115,FPCR-22-0435,Yusuf Naghi Kuwait City,Yusuf Naghi Kuwait City,GULF,,,Deepa Menon,MQ-HVAC,2024-07-03,,2024-07-08,74e3ff12b60b2f2c84eae2baa0d3be69,4677,2024,5,1,1,"XTRAIL (Mid SUV) reported in Kuwait: ac blower noise at about 4,677 km / 115 days in service. Checks found: Foreign object in blower scroll; action: replaced blower motor.",Bearing grease degradation,2026-10-07 15:11:46
8,,FTIR-2026-000008,2026-04-29,2026-05-05,Closed - No SBPR,OK,N17K,NAVARO-PU-QR25-AT7-XL,Pickup,MDHN17U480SG88937,QR25-600149,MT6-468845,2025-12-04,2026-03-29,5833,Nissan Motor India Pvt Ltd,NMIPL Quality,India,Oragadam Plant,Paint blister / peel on body panel - NAVARO,No action - within spec,Small bubbles under paint on front fender.,,,Paint thickness gauge; cross-hatch adhesion test; cabinet salt-spray records.,Pre-treatment layer insufficient locally.,Pending,Awaiting parts / appointment.,No,Close - Isolated case,F5100-4G88B,Bonnet Panel,Varroc Engineering,India - Chennai,Back-order,FTIR-2026-000008.pdf,Medium,C,India,115,,Capital Nissan Lucknow,Capital Nissan Lucknow,INDIA,,,Priya Nair,MQ-Body,2026-06-01,Wear and tear; normal consumable.,2026-06-08,6c9741bdbf112e05eff6e09c3cbb1771,5833,2026,4,0,0,"NAVARO (Pickup) reported in India: paint blister / peel on body panel at about 5,833 km / 115 days in service. Checks found: Pre-treatment layer insufficient locally; action: awaiting parts / appointment.",Local pre-treatment variation in paint line,2026-10-07 15:11:46
9,SBPR-251342,FTIR-2025-000009,2025-10-22,2025-11-23,Closed - SBPR Raised,OK,D23C,MAGNO-HB-B4K-AMT-N-CONNECTA,Hatchback,JN1D23HCZ8RG19314,,MT5-427110,2024-08-05,2025-10-11,"13,047 km",Nissan Saudi Arabia,NMIPL Quality,Saudi Arabia,Tochigi Plant,Engine oil leak - MAGNO,No action - within spec,"Oil level dropping, oil seen near rear of engine.",,,Visual inspection with UV dye; torque check of oil pan bolts; crankcase pressure test.,Rear main seal weeping.,Repaired,Replaced gasket and re-torqued fasteners.,Yes,Escalate to SBPR,13270-5D25A,Rocker Cover Gasket,Mahle Behr,India - Gurugram,Limited stock,FTIR-2025-000009.pdf,Medium,B,Saudi Arabia,432,,Abdul Latif Jameel Riyadh,Abdul Latif Jameel Riyadh,GULF,2025-11-07,2025-12-18,Sanjay Patel,MQ-Engine,2025-12-18,,2025-12-24,6c0e77441d83946a67e4e93b87cbf538,13047,2025,10,1,1,"MAGNO (Hatchback) reported in Saudi Arabia: engine oil leak at about 13,047 km / 432 days in service. Checks found: Rear main seal weeping; action: replaced gasket and re-torqued fasteners.",Gasket compression set and sealant bead discontinuity,2026-10-07 15:11:46
10,SBPR-267614,FTIR-2026-000010,2026-06-04,2026-07-12,Closed - SBPR Raised,NG,D23S,SUNNY-SDN-B4K-MT5-XL,Sub-compact Sedan,JN8D23Z4Y5SH34957,B4K-931450,MT5-197573,2025-12-22,2026-05-03,"5,400 km",Nissan Middle East FZE,RNAIPL,Qatar,Kyushu Plant,Suspension noise over bumps - SUNNY,Part collection requested,Rattle from rear while crossing speed breakers.,-,,Road test with chassis ears; bush and link inspection; strut mount torque.,Stabilizer link ball joint worn.,Repaired,Replaced stabilizer links / strut mounts.,Yes,Escalate to SBPR,54618-3F35E,Stabilizer Link Assy,Gabriel India,Japan,Available,FTIR-2026-000010.pdf,Medium,B,Qatar,132,FPCR-23-0119,Alfardan Doha,Alfardan Doha,GULF,2026-06-21,,Hiroshi Tanaka,MQ-Chassis,2026-07-28,,2026-08-06,97db730ce39f3ec0467bb7cd4fee4c74,5400,2026,6,1,1,"SUNNY (Sub-compact Sedan) reported in Qatar: suspension noise over bumps at about 5,400 km / 132 days in service. Checks found: Stabilizer link ball joint worn; action: replaced stabilizer links / strut mounts.",Ball joint dust boot failure leading to wear,2026-10-07 15:11:46
11,,FTIR-2024-000011,2024-04-28,2024-05-06,Closed - No SBPR,OK,E10R,LEAFY-EV-EM57-REDUCER-STD,EV Hatchback,JN1E10LSM8PB91334,EM57-564226,REDUCER-717113,2023-11-21,2024-04-11,"7,786 km",Nissan Middle East FZE,Nissan Motor Co. Ltd (NML),UAE,Tochigi Plant,Exhaust rattle / catalyst noise - LEAFY,No action - within spec,Metallic sound from exhaust at idle.,P0420,P0420,Heat shield inspection; catalytic converter tapping; hanger check.,Heat shield spot weld broken.,Pending,Awaiting parts / appointment.,No,Close - Isolated case,20802-5B51D,Exhaust Heat Shield,Sundaram Fasteners,South Korea,In transit,FTIR-2024-000011.pdf,High,B,UAE,142,,Arabian Automobiles Dubai,Arabian Automobiles Dubai,GULF,2024-04-30,2024-06-10,Suresh Iyer,MQ-Chassis,2024-05-10,Existing SBPR covers this issue.,2024-05-19,49a52259f0fbb9f380cbbf64a1b8f640,7786,2024,4,0,0,"LEAFY (EV Hatchback) reported in UAE: exhaust rattle / catalyst noise at about 7,786 km / 142 days in service. Checks found: Heat shield spot weld broken; action: awaiting parts / appointment.",Spot weld fatigue fracture,2026-10-07 15:11:46
12,,FTIR-2023-000012,2023-03-22,2023-05-01,Closed,OK,P32A,KICKR-SUV-HR13T-MT5-XL,Compact SUV,MDHP32XGL5NG71756,HR13T-644173,AMT-563711,2022-11-27,2023-02-20,1841KM,Nissan Motor India Pvt Ltd,Nissan Motor Co. Ltd (NML),India,Oragadam Plant,Water leakage into cabin - KICKR,Monitor and collect data,Water dripping from roof lining near sunroof.,-,,Water spray test; sealant continuity; drain hole inspection.,Rear tail lamp gasket gap.,Repaired,Resealed and replaced weatherstrip.,Yes,Dealer training,80830-3J69D,Door Weatherstrip,Lear India,India - Chennai,Available,FTIR-2023-000012.pdf,High,A,India,85,,Capital Nissan Lucknow,Ashok Nissan Bengaluru,INDIA,2023-04-05,2023-05-18,Priya Nair,MQ-Body,2023-05-23,,2023-06-06,0bbcb574cc72999412916bef15c2ae60,1841,2023,3,1,0,"KICKR (Compact SUV) reported in India: water leakage into cabin at about 1,841 km / 85 days in service. Checks found: Rear tail lamp gasket gap; action: resealed and replaced weatherstrip.",Seal compression set and drain tube joint misalignment,2026-10-07 15:11:46
13,,FTIR-2026-000013,2026-03-08,2026-05-05,Closed,OK,M11P,GRAVITE-MPV-HR12-CVT-XV-PREMIUM,MPV,MDHM118K58SH40449,HR10-173201,CVT-910208,2025-12-29,2026-02-07,"1,492 km",Nissan Motor India Pvt Ltd,Nissan Technical Centre India,Bangladesh,Chennai Plant,Uneven tyre wear / alignment - GRAVITE,Monitor and collect data,"Front tyres worn on inner edge within 10,000 km.",-,,Four-wheel alignment; tyre inspection; suspension geometry.,Toe out of specification.,Parts replaced,Performed alignment; replaced tyres at customer cost.,Yes,Close - Isolated case,40300-5D14D,Tie Rod End,Sundaram Fasteners,India - Gurugram,Available,FTIR-2026-000013.pdf,High,B,Bangladesh,40,,Navana Chattogram,Navana Chattogram,SAARC,2026-03-18,2026-04-09,Deepa Menon,MQ-HVAC,2026-05-21,,2026-05-25,254ff005e1d5991d9358db8649120586,1492,2026,3,1,0,"GRAVITE (MPV) reported in Bangladesh: uneven tyre wear / alignment at about 1,492 km / 40 days in service. Checks found: Toe out of specification; action: performed alignment; replaced tyres at customer cost.",Tie rod end looseness / alignment drift,2026-10-07 15:11:46
14,SBPR-257214,FTIR-2025-000014,2025-04-11,2025-04-19,Closed,OK,P32B,KICKR-X-SUV-HR13T-MT5-STD,Compact SUV,AAVP32KS39RC50455,HR10-565230,MT5-827712,2024-06-16,2025-03-15,18.5k km,Nissan South Africa Pty,RNAIPL,South Africa,Rosslyn Plant,Suspension noise over bumps - KICKR-X,Goodwill repair,Knocking noise from front suspension on rough roads.,-,,Road test with chassis ears; bush and link inspection; strut mount torque.,Strut mount bearing noisy.,Repaired,Replaced stabilizer links / strut mounts.,No,Escalate to SBPR,54618-1B42E,Stabilizer Link Assy,Sona Comstar,Thailand,Limited stock,FTIR-2025-000014.pdf,Medium,B,South Africa,272,FPCR-21-0313,Durban Nissan Umhlanga,Durban Nissan Umhlanga,SA,2025-04-27,,Suresh Iyer,MQ-Chassis,2025-05-10,,2025-05-21,efe7dd5eac6ed22d853a2b3a9ae7560c,18489,2025,4,0,1,"KICKR-X (Compact SUV) reported in South Africa: suspension noise over bumps at about 18,489 km / 272 days in service. Checks found: Strut mount bearing noisy; action: replaced stabilizer links / strut mounts.",Ball joint dust boot failure leading to wear,2026-10-07 15:11:46
15,,FTIR-2022-000015,2022-10-10,2022-11-11,Closed,OK,P32A,KICKR-SUV-HR10-AMT-VISIA,Compact SUV,MDHP32JFV5NG04709,HR13T-810687,AMT-904751,2022-04-15,2022-10-03,7609 Km.,Nissan South Africa Pty,Nissan Technical Centre India,South Africa,Chennai Plant,Uneven tyre wear / alignment - KICKR,Part collection requested,Vehicle pulls to left on straight road.,,,Four-wheel alignment; tyre inspection; suspension geometry.,Camber bolt loosened.,Repaired,Performed alignment; replaced tyres at customer cost.,Yes,Monitor field,40300-1E01E,Tie Rod End,Gabriel India,India - Chennai,Limited stock,FTIR-2022-000015.pdf,Medium,B,Oman,171,,Hatfield Nissan Pretoria,Hatfield Nissan Pretoria,SA,,,Hiroshi Tanaka,MQ-Chassis,2022-12-06,,2022-12-19,ff3186a3110a13f3491be1eb0971ab82,7609,2022,10,1,0,"KICKR (Compact SUV) reported in South Africa: uneven tyre wear / alignment at about 7,609 km / 171 days in service. Checks found: Camber bolt loosened; action: performed alignment; replaced tyres at customer cost.",Tie rod end looseness / alignment drift,2026-10-07 15:11:46
16,SBPR-211480,FTIR-2021-000016,2021-11-05,2021-12-27,Closed - SBPR Raised,NG,M11P,GRAVITE-MPV-HR10-MT5-XV-PREMIUM,MPV,MDHM11K3G7LK26758,,CVT-221761,2020-11-07,2021-10-24,17658,Nissan Motor India Pvt Ltd,RNAIPL,India,Chennai Plant,Airbag warning lamp ON - GRAVITE,Replace part under warranty,SRS lamp turned on and stays lit.,B1142,B1142,SRS DTC read; connector inspection under seat; resistance of squib circuits.,SRS unit internal fault.,Customer declined,Customer declined repair.,No,Escalate to SBPR,98820-3B86B,Occupant Classification Sensor,Hitachi Astemo,India - Chennai,In transit,FTIR-2021-000016.pdf,High,A,India,351,,Mahalaxmi Nissan Kolkata,Mahalaxmi Nissan Kolkata,INDIA,2021-11-23,2022-01-06,Neha Gupta,MQ-Electrical,2022-01-23,,2022-01-31,af1437c41ebc609a5aae135d6f6dee2a,17658,2021,11,0,1,"GRAVITE (MPV) reported in India: airbag warning lamp on at about 17,658 km / 351 days in service. Checks found: SRS unit internal fault; action: customer declined repair.",Connector terminal fretting corrosion,2026-10-07 15:11:46
17,,FTIR-2023-000017,2023-02-17,2023-03-26,Closed,OK,N17K,NAVARO-PU-YD25-AT7-XV,Pickup,JN1N17RCW7NA58917,QR25-651640,MT6-881886,2022-11-17,2023-02-07,4705,Nissan Middle East FZE,NMIPL Quality,Kuwait,Tochigi Plant,Power window not working - NAVARO,Adjustment / re-torque,Driver side power window stuck midway.,,,Switch continuity; motor current draw; regulator inspection.,Switch contact resistance high.,Repaired,Replaced window regulator with motor.,Yes,Monitor field,80730-4C69C,Window Regulator Assy,Bosch Chennai,India - Pune,Back-order,FTIR-2023-000017.pdf,Medium,B,Kuwait,82,,Yusuf Naghi Kuwait City,Yusuf Naghi Kuwait City,GULF,,,Meera Krishnan,MQ-Body,2023-04-21,,2023-05-04,7f669aa45800066766fa56862661c165,4705,2023,2,1,0,"NAVARO (Pickup) reported in Kuwait: power window not working at about 4,705 km / 82 days in service. Checks found: Switch contact resistance high; action: replaced window regulator with motor.",Cable guide wear causing binding and motor overload,2026-10-07 15:11:46
18,,FTIR-2024-000018,2024-08-24,2024-09-08,Closed - No SBPR,OK,P32A,KICKR-SUV-HR13T-AMT-XL,Compact SUV,MDHP329PKXRH04945,HR13T-802559,MT5-530764,2024-02-16,2024-07-28,3675,Nissan Saudi Arabia,Nissan Technical Centre India,Saudi Arabia,Chennai Plant,Brake performance reduced / spongy pedal - KICKR,Monitor and collect data,Brake pedal goes down more than usual; stopping distance felt longer.,,,Brake fluid level; master cylinder pressure; caliper piston inspection; vacuum booster leak test.,Caliper piston seal leakage.,Customer declined,Customer declined repair.,No,Close - Repaired at dealer,46010-5F54C,Brake Master Cylinder Assy,Gabriel India,Japan,Back-order,FTIR-2024-000018.pdf,High,A,Bangladesh,163,,ALJ Madinah,ALJ Madinah,GULF,2024-08-29,2024-10-03,Suresh Iyer,MQ-Chassis,2024-09-11,Insufficient occurrence rate to open SBPR.,2024-09-18,6d62d61f26e4309950b601fb90205356,3675,2024,8,0,0,"KICKR (Compact SUV) reported in Saudi Arabia: brake performance reduced / spongy pedal at about 3,675 km / 163 days in service. Checks found: Caliper piston seal leakage; action: customer declined repair.",Piston seal lip damage during assembly,2026-10-07 15:11:46
19,,FTIR-2024-000019,2024-01-01,2024-01-04,Closed,NG,T33E,XTRAIL-SUV-MR20-DCT7-STD,Mid SUV,JN1T33VXH0PH03432,KR15T-652530,DCT7-147623,2023-11-27,2023-12-28,1217KM,Nissan Middle East FZE,Nissan Technical Centre India,Kuwait,Tochigi Plant,Suspension noise over bumps - XTRAIL,Replace part under warranty,Rattle from rear while crossing speed breakers.,-,,Road test with chassis ears; bush and link inspection; strut mount torque.,Strut mount bearing noisy.,Pending,Awaiting parts / appointment.,Partially,Close - Isolated case,54618-3K76A,Stabilizer Link Assy,Sundaram Fasteners,India - Gurugram,Available,FTIR-2024-000019.pdf,High,B,Kuwait,31,,Yusuf Naghi Kuwait City,Yusuf Naghi Kuwait City,GULF,2024-01-21,2024-01-31,Hiroshi Tanaka,MQ-Chassis,2024-01-20,Within specification; explained to customer.,2024-01-30,3102f39e22eef47e170f42bcc38a5d88,1217,2024,1,0,0,"XTRAIL (Mid SUV) reported in Kuwait: suspension noise over bumps at about 1,217 km / 31 days in service. Checks found: Strut mount bearing noisy; action: awaiting parts / appointment.",Ball joint dust boot failure leading to wear,2026-10-07 15:11:46
20,,FTIR-2025-000020,2025-07-15,2025-09-13,Closed - No SBPR,OK,D23S,SUNNY-SDN-B4K-CVT-XV,Sub-compact Sedan,MDHD23E75XRE99552,HR15-897143,MT5-285751,2024-12-14,2025-06-02,2283,Nissan Motor India Pvt Ltd,NMIPL Quality,India,Oragadam Plant,Brake squeal / judder - SUNNY,Adjustment / re-torque,Squeaking noise when braking at low speed.,-,,Disc thickness variation; pad wear; caliper slide pin lubrication.,Slide pin seized.,Repaired,"Replaced disc rotors and pads, lubricated pins.",Yes,Monitor field,40206-3F28C,Front Brake Disc Rotor,Rane Madras,India - Chennai,Available,FTIR-2025-000020.pdf,High,B,India,170,,Lakshmi Nissan Chennai,Lakshmi Nissan Chennai,INDIA,2025-07-19,2025-08-05,Hiroshi Tanaka,MQ-Chassis,2025-10-07,Within specification; explained to customer.,2025-10-21,b9bb162664ab4065afa248d7322d54b5,2283,2025,7,1,0,"SUNNY (Sub-compact Sedan) reported in India: brake squeal / judder at about 2,283 km / 170 days in service. Checks found: Slide pin seized; action: replaced disc rotors and pads, lubricated pins.",Disc runout and uneven pad material transfer,2026-10-07 15:11:46
21,,FTIR-2021-000021,2021-06-18,2021-08-04,Closed - No SBPR,OK,N17K,NAVARO-PU-YD25-AT7-TEKNA,Pickup,MDHN171YJXLJ62914,YD25-449555,MT6-711046,2018-07-23,2021-05-18,23232,Nissan Motor India Pvt Ltd,Nissan Technical Centre India,Nepal,Chennai Plant,Airbag warning lamp ON - NAVARO,Adjustment / re-torque,SRS lamp turned on and stays lit.,,B1000,SRS DTC read; connector inspection under seat; resistance of squib circuits.,Occupant sensor mat fault.,Pending,Awaiting parts / appointment.,No,Supplier feedback,98820-3F36D,Occupant Classification Sensor,Hitachi Astemo,Thailand,Limited stock,FTIR-2021-000021.pdf,High,A,Nepal,1030,,Sipradi Kathmandu,Sipradi Kathmandu,INDIA,,,Neha Gupta,MQ-Electrical,2021-08-15,Isolated case; no recurrence in market.,2021-08-17,cfda58ab9be12d356ad45f68408261c6,23232,2021,6,0,0,"NAVARO (Pickup) reported in Nepal: airbag warning lamp on at about 23,232 km / 1030 days in service. Checks found: Occupant sensor mat fault; action: awaiting parts / appointment.",Connector terminal fretting corrosion,2026-10-07 15:11:46
22,SBPR-212713,FTIR-2021-000022,2021-06-04,2021-07-22,Closed - SBPR Raised,NG,E10R,LEAFY-EV-EM57-REDUCER-STD,EV Hatchback,MDHE10VFL4MH75818,EM57-956572,REDUCER-940181,2021-02-19,2021-04-20,886,Nissan Motor India Pvt Ltd,NMIPL Quality,India,Oragadam Plant,High-voltage battery warning / charging stopped - LEAFY,Monitor and collect data,Reduced range with battery warning lamp.,P1A0F,P1A0F,HV battery cell voltage balance; isolation resistance test; charger handshake log.,Charge port temperature sensor fault.,Repaired,Replaced battery module / charge port sensor.,Yes,Escalate to SBPR,29100-1D68B,HV Battery Module,Denso Haryana,India - Bengaluru,Limited stock,FTIR-2021-000022.pdf,High,A,India,60,,Raj Nissan Jaipur,Raj Nissan Jaipur,INDIA,,,Ravi Shankar,MQ-Powertrain,2021-08-06,,2021-08-19,a70f6b19a82258509aba9161031850d3,886,2021,6,1,1,LEAFY (EV Hatchback) reported in India: high-voltage battery warning / charging stopped at about 886 km / 60 days in service. Checks found: Charge port temperature sensor fault; action: replaced battery module / charge port sensor.,Cell imbalance due to BMS balancing parameter,2026-10-07 15:11:46
23,,FTIR-2021-000023,2021-04-26,2021-04-28,Closed - No SBPR,OK,D23S,SUNNY-SDN-HR15-CVT-VISIA,Sub-compact Sedan,MDHD2317CXLG88888,B4K-352249,,2019-05-17,2021-04-03,13553KM,Nissan Motor India Pvt Ltd,Nissan Technical Centre India,India,Chennai Plant,Battery drain / no start - SUNNY,Adjustment / re-torque,Vehicle does not start after parked overnight.,-,,Parasitic current measurement; battery load test; alternator output check.,Alternator regulator output low.,Pending,Awaiting parts / appointment.,No,Close - Repaired at dealer,24410-1B99C,Battery 12V 45Ah,Bosch Chennai,India - Gurugram,Available,FTIR-2021-000023.pdf,High,B,India,687,,Landmark Nissan Gurugram,Landmark Nissan Gurugram,INDIA,2021-05-04,2021-06-17,Arjun Reddy,MQ-Electrical,2021-05-18,Insufficient occurrence rate to open SBPR.,2021-05-27,f9f116932c5e744281830ec4bb0c7b66,13553,2021,4,0,0,"SUNNY (Sub-compact Sedan) reported in India: battery drain / no start at about 13,553 km / 687 days in service. Checks found: Alternator regulator output low; action: awaiting parts / appointment.",BCM sleep-mode logic defect,2026-10-07 15:11:46
24,,FTIR-2024-000024,2024-10-18,2024-11-07,Closed - No SBPR,OK,M11P,GRAVITE-MPV-HR10-CVT-VISIA,MPV,MDHM11GFXXRE69284,HR12-936020,CVT-940064,2024-03-24,2024-09-04,"8,709 km",Nissan Motor India Pvt Ltd,Nissan Technical Centre India,India,Chennai Plant,Battery drain / no start - GRAVITE,Goodwill repair,Vehicle does not start after parked overnight.,,,Parasitic current measurement; battery load test; alternator output check.,Alternator regulator output low.,Repaired,Replaced battery / updated BCM software.,Yes,Close - Isolated case,24410-6H32A,Battery 12V 45Ah,Marelli Gurugram,India - Pune,Available,FTIR-2024-000024.pdf,Medium,B,India,164,,Prime Nissan Pune,Prime Nissan Pune,INDIA,2024-10-20,,Arjun Reddy,MQ-Electrical,2024-11-21,Cause attributed to external factors / misuse.,2024-11-28,70fbf451a4c64e82f8d3255c4c3cc4b0,8709,2024,10,1,0,"GRAVITE (MPV) reported in India: battery drain / no start at about 8,709 km / 164 days in service. Checks found: Alternator regulator output low; action: replaced battery / updated bcm software.",BCM sleep-mode logic defect,2026-10-07 15:11:46
25,,FTIR-2025-000025,2025-07-22,2025-08-16,Closed,NG,D23S,SUNNY-SDN-HR15-MT5-VISIA,Sub-compact Sedan,JN1D23EVW2RC72715,B4K-827691,CVT-309902,2024-11-19,2025-06-26,6892,Nissan Middle East FZE,RNAIPL,Kuwait,Tochigi Plant,Engine oil leak - SUNNY,Software update,Smell of burning oil after long drive.,,,Visual inspection with UV dye; torque check of oil pan bolts; crankcase pressure test.,Oil pan sealant gap observed.,Repaired,Replaced gasket and re-torqued fasteners.,Yes,Dealer training,13270-5K17E,Rocker Cover Gasket,Brakes India,China,Available,FTIR-2025-000025.pdf,High,B,Kuwait,219,,Al-Babtain Hawalli,Yusuf Naghi Kuwait City,GULF,2025-07-31,2025-08-12,Sanjay Patel,MQ-Engine,2025-09-02,Wear and tear; normal consumable.,2025-09-09,42d4bcd9450e393130b3012bcb539ae7,6892,2025,7,1,0,"SUNNY (Sub-compact Sedan) reported in Kuwait: engine oil leak at about 6,892 km / 219 days in service. Checks found: Oil pan sealant gap observed; action: replaced gasket and re-torqued fasteners.",Gasket compression set and sealant bead discontinuity,2026-10-07 15:11:46
26,SBPR-217373,FTIR-2021-000026,2021-12-20,2022-01-20,Closed - SBPR Raised,OK,D23C,MAGNO-HB-B4D-MT5-TEKNA+,Hatchback,AAVD23TP39LA90010,B4D-626986,MT5-720556,2020-09-27,2021-12-13,"25,173 km",Nissan South Africa Pty,NMIPL Quality,South Africa,Rosslyn Plant,Suspension noise over bumps - MAGNO,Software update,Clunk noise when turning steering fully.,,,Road test with chassis ears; bush and link inspection; strut mount torque.,Stabilizer link ball joint worn.,Customer declined,Customer declined repair.,No,Escalate to SBPR,54618-5B66B,Stabilizer Link Assy,Brakes India,India - Gurugram,Available,FTIR-2021-000026.pdf,High,B,South Africa,442,,Cape Town Nissan Century City,Cape Town Nissan Century City,SA,2021-12-28,2022-02-04,Suresh Iyer,MQ-Chassis,2022-01-29,,2022-02-02,56cb1d619457b2e432e2a35befac49e0,25173,2021,12,0,1,"MAGNO (Hatchback) reported in South Africa: suspension noise over bumps at about 25,173 km / 442 days in service. Checks found: Stabilizer link ball joint worn; action: customer declined repair.",Ball joint dust boot failure leading to wear,2026-10-07 15:11:46
27,,FTIR-2024-000027,2024-07-04,2024-07-21,Closed,NG,D23C,MAGNO-HB-B4D-AMT-STD,Hatchback,JN1D23E197RJ98358,B4K-900961,AMT-483713,2024-02-12,2024-06-11,3684,Nissan Middle East FZE,Nissan Motor Co. Ltd (NML),UAE,Tochigi Plant,Suspension noise over bumps - MAGNO,Software update,Knocking noise from front suspension on rough roads.,-,,Road test with chassis ears; bush and link inspection; strut mount torque.,Lower arm bush cracked.,Repaired,Replaced stabilizer links / strut mounts.,Yes,Close - Isolated case,54618-3H02A,Stabilizer Link Assy,Sona Comstar,Indonesia,Available,FTIR-2024-000027.pdf,High,B,UAE,120,,Arabian Automobiles Sharjah,AAA Abu Dhabi,GULF,2024-07-12,2024-08-08,Hiroshi Tanaka,MQ-Chassis,2024-08-10,Isolated case; no recurrence in market.,2024-08-24,62833c0dce18ac66f788c5f2519e8e6e,3684,2024,7,1,0,"MAGNO (Hatchback) reported in UAE: suspension noise over bumps at about 3,684 km / 120 days in service. Checks found: Lower arm bush cracked; action: replaced stabilizer links / strut mounts.",Ball joint dust boot failure leading to wear,2026-10-07 15:11:46
28,,FTIR-2021-000028,2021-07-05,2021-08-15,Closed - No SBPR,OK,D23C,MAGNO-HB-B4D-MT5-STD,Hatchback,MDHD233970MC75626,B4K-254954,MT5-133104,2021-04-13,2021-06-30,"3,145 km",Nissan Motor India Pvt Ltd,NMIPL Quality,India,Oragadam Plant,ABS / ESP warning lamp ON - MAGNO,Monitor and collect data,"Brake warning lamp on intermittently, ABS inactive.",C1103,C1103,Wheel speed sensor waveform; tone wheel inspection; harness check.,Tone wheel damaged.,Pending,Awaiting parts / appointment.,No,Supplier feedback,47910-3H02C,Wheel Speed Sensor (Front),Denso Haryana,India - Chennai,Back-order,FTIR-2021-000028.pdf,High,B,India,78,,Lakshmi Nissan Chennai,Lakshmi Nissan Chennai,INDIA,,,Suresh Iyer,MQ-Chassis,2021-09-04,Insufficient occurrence rate to open SBPR.,2021-09-12,386369d3b7529b4e1c92fffbb6d3dea0,3145,2021,7,0,0,"MAGNO (Hatchback) reported in India: abs / esp warning lamp on at about 3,145 km / 78 days in service. Checks found: Tone wheel damaged; action: awaiting parts / appointment.",Sensor seal failure resulting in water ingress,2026-10-07 15:11:46
29,,FTIR-2023-000029,2023-02-27,2023-04-05,Closed - No SBPR,OK,D23C,MAGNO-HB-B4D-AMT-TEKNA+,Hatchback,MDHD23377XND71208,B4D-768933,MT5-155040,2022-10-16,2023-02-09,8409,Nissan South Africa Pty,Nissan Motor Co. Ltd (NML),South Africa,Chennai Plant,Suspension noise over bumps - MAGNO,Software update,Clunk noise when turning steering fully.,,,Road test with chassis ears; bush and link inspection; strut mount torque.,Strut mount bearing noisy.,Repaired,Replaced stabilizer links / strut mounts.,Yes,Supplier feedback,54618-4E05C,Stabilizer Link Assy,Gabriel India,India - Pune,In transit,FTIR-2023-000029.pdf,High,B,South Africa,116,,Cape Town Nissan Century City,Cape Town Nissan Century City,SA,2023-03-14,2023-04-18,Hiroshi Tanaka,MQ-Chassis,2023-05-05,Within specification; explained to customer.,2023-05-14,86108c575096b7c52e84a03a53f55eef,8409,2023,2,1,0,"MAGNO (Hatchback) reported in South Africa: suspension noise over bumps at about 8,409 km / 116 days in service. Checks found: Strut mount bearing noisy; action: replaced stabilizer links / strut mounts.",Ball joint dust boot failure leading to wear,2026-10-07 15:11:46
30,SBPR-220152,FTIR-2022-000030,2022-12-22,2023-01-12,Closed - SBPR Raised,NG,Z52Y,PATROLL-SUV-VK56-AT9-TEKNA+,Full-size SUV,MDHZ52UYW9LK30463,VR38T-801765,AT7-293757,2020-09-14,2022-12-17,33486,Nissan Motor India Pvt Ltd,NMIPL Quality,Sri Lanka,Chennai Plant,Infotainment hang / reboot - PATROLL,Monitor and collect data,Touchscreen unresponsive; Bluetooth disconnects.,,,Software version check; log extraction; USB/phone pairing test.,Known software issue fixed in latest release.,Customer declined,Customer declined repair.,No,Escalate to SBPR,28091-4B42B,Head Unit Assy,Marelli Gurugram,Germany,In transit,FTIR-2022-000030.pdf,High,B,Sri Lanka,824,FPCR-26-0185,United Motors Colombo,DIMO Kandy,SAARC,2022-12-23,2023-01-15,Anita Sharma,MQ-Electrical,2023-01-18,,2023-01-28,85c438909c4b9dde214e8fd128349521,33486,2022,12,0,1,"PATROLL (Full-size SUV) reported in Sri Lanka: infotainment hang / reboot at about 33,486 km / 824 days in service. Checks found: Known software issue fixed in latest release; action: customer declined repair.",Software memory leak under Bluetooth + navigation usage,2026-10-07 15:11:46
